id,side,kind,definition,group,position,holding,concealed,hidden
g01,german,asl:squad,attacker-squad,german-1,"{""at"":""bd01:F5:0""}",{},False,False
gl1,german,asl:leader,attacker-leader-9-1,german-1,"{""at"":""bd01:F5:0""}",{},False,False
g02,german,asl:squad,attacker-squad,german-1,"{""at"":""bd01:F6:0""}",{},False,False
gw1,german,asl:mg,attacker-lmg,german-1,{},"{""holder"":""g02"",""role"":""possessed""}",False,False
g03,german,asl:squad,attacker-squad,german-1,"{""at"":""bd01:H5:0""}",{},False,False
g04,german,asl:squad,attacker-squad,german-1,"{""at"":""bd01:J4:0""}",{},False,False
gw2,german,asl:mg,attacker-lmg,german-1,{},"{""holder"":""g04"",""role"":""possessed""}",False,False
g05,german,asl:squad,attacker-squad,german-1,"{""at"":""bd01:J5:0""}",{},False,False
g06,german,asl:squad,attacker-squad,german-1,"{""at"":""bd01:K5:0""}",{},False,False
gl2,german,asl:leader,attacker-leader-8-0,german-1,"{""at"":""bd01:K5:0""}",{},False,False
gw3,german,asl:mg,attacker-lmg,german-1,{},"{""holder"":""g06"",""role"":""possessed""}",False,False
g07,german,asl:squad,attacker-squad,german-1,"{""at"":""bd01:I7:0""}",{},False,False
g08,german,asl:squad,attacker-squad,german-1,"{""at"":""bd01:I7:0""}",{},False,False
g09,german,asl:squad,attacker-squad,german-1,"{""at"":""bd01:I7:0""}",{},False,False
gl3,german,asl:leader,attacker-leader-9-2,german-1,"{""at"":""bd01:I7:0""}",{},False,False
gw4,german,asl:mg,attacker-lmg,german-1,{},"{""holder"":""g07"",""role"":""possessed""}",False,False
gw5,german,asl:mg,attacker-lmg,german-1,{},"{""holder"":""g08"",""role"":""possessed""}",False,False
g10,german,asl:squad,attacker-squad,german-1,"{""at"":""bd01:L6:0""}",{},False,False
gw6,german,asl:mg,attacker-lmg,german-1,{},"{""holder"":""g10"",""role"":""possessed""}",False,False
g11,german,asl:squad,attacker-squad,german-1,"{""at"":""bd01:L7:0""}",{},False,False
g12,german,asl:squad,attacker-squad,german-1,"{""at"":""bd01:M7:0""}",{},False,False
gl4,german,asl:leader,attacker-leader-8-1,german-1,"{""at"":""bd01:M7:0""}",{},False,False
gw7,german,asl:mg,attacker-mmg,german-1,{},"{""holder"":""g12"",""role"":""possessed""}",False,False
g13,german,asl:squad,attacker-squad,german-1,"{""at"":""bd01:M9:0""}",{},False,False
gl5,german,asl:leader,attacker-leader-8-1,german-1,"{""at"":""bd01:M9:0""}",{},False,False
gw8,german,asl:mg,attacker-hmg,german-1,{},"{""holder"":""g13"",""role"":""possessed""}",False,False
s13,russian,asl:squad,defender-squad,russian-1,"{""at"":""bd01:J2:0""}",{},False,False
sl2,russian,asl:leader,defender-leader-9-1,russian-1,"{""at"":""bd01:J2:0""}",{},False,False
sw1,russian,asl:mg,defender-mmg,russian-1,{},"{""holder"":""s13"",""role"":""possessed""}",False,False
s14,russian,asl:squad,defender-squad,russian-1,"{""at"":""bd01:M2:0""}",{},False,False
s15,russian,asl:squad,defender-squad,russian-1,"{""at"":""bd01:M2:0""}",{},False,False
s16,russian,asl:squad,defender-squad,russian-1,"{""at"":""bd01:M2:0""}",{},False,False
s17,russian,asl:squad,defender-squad,russian-1,"{""at"":""bd01:N2:0""}",{},False,False
s18,russian,asl:squad,defender-squad,russian-1,"{""at"":""bd01:M5:0""}",{},False,False
s19,russian,asl:squad,defender-squad,russian-1,"{""at"":""bd01:N3:0""}",{},False,False
s20,russian,asl:squad,defender-squad,russian-1,"{""at"":""bd01:N4:0""}",{},False,False
sl3,russian,asl:leader,defender-commissar-9-0,russian-1,"{""at"":""bd01:N4:0""}",{},False,False
s21,russian,asl:squad,defender-squad,russian-1,"{""at"":""bd01:N5:0""}",{},False,False
s01,russian,asl:squad,defender-guards-squad,russian-2,"{""at"":""bd01:E4:0""}",{},False,False
s02,russian,asl:squad,defender-guards-squad,russian-2,"{""at"":""bd01:E4:0""}",{},False,False
s03,russian,asl:squad,defender-guards-squad,russian-2,"{""at"":""bd01:E4:0""}",{},False,False
s04,russian,asl:squad,defender-guards-squad,russian-2,"{""at"":""bd01:F3:0""}",{},False,False
s05,russian,asl:squad,defender-guards-squad,russian-2,"{""at"":""bd01:F3:0""}",{},False,False
s06,russian,asl:squad,defender-guards-squad,russian-2,"{""at"":""bd01:F3:0""}",{},False,False
s07,russian,asl:squad,defender-guards-squad,russian-2,"{""at"":""bd01:G3:0""}",{},False,False
s08,russian,asl:squad,defender-guards-squad,russian-2,"{""at"":""bd01:G3:0""}",{},False,False
s09,russian,asl:squad,defender-guards-squad,russian-2,"{""at"":""bd01:G3:0""}",{},False,False
s10,russian,asl:squad,defender-guards-squad,russian-2,"{""at"":""bd01:G4:0""}",{},False,False
s11,russian,asl:squad,defender-guards-squad,russian-2,"{""at"":""bd01:G4:0""}",{},False,False
s12,russian,asl:squad,defender-guards-squad,russian-2,"{""at"":""bd01:G4:0""}",{},False,False
sl1,russian,asl:leader,defender-leader-10-2,russian-2,"{""at"":""bd01:F3:0""}",{},False,False
